Selection Method, Number of Destinations, Distance, Time
4, 30, 3429.96, 342.995769515308
4, 30, 4077.98, 407.797722356128
