Selection Method, Number of Destinations, Distance, Time
1, 50, 3422.98, 342.298409376572
1, 50, 3965.18, 396.51836635534
1, 50, 3916.79, 391.67945705788
1, 50, 4367.71, 436.77094739541
1, 50, 3656.31, 365.630907290984
