Type, Number of Destinations, Distance, Time
0, 6, 0, 67.771982160726
0, 6, 3446.72, 65.363314782673
1, 6, 3063.96, 27.615402015167
