Selection Method, Number of Destinations, Distance, Time4, 30, 13799.8, 1379.984776171249
4, 30, 3475.22, 347.521944500475
4, 30, 3506.81, 350.681368470176
4, 5, 3322.43, 332.243454841562
4, 5, 3322.43, 332.243454841562
